USE gaming_db;

INSERT INTO Gamers (gamer_tag, email, registration_date, birth_date) VALUES
('DragonSlayer', 'dragon@gmail.com', '2018-03-15', '1992-05-20'),
('NinjaGamer', 'ninja@icloud.com', '2019-07-22', '1995-11-14'),
('PixelQueen', 'pixel@gmail.com', '2020-01-10', '1998-02-28'),
('EpicWarrior', 'epic@icloud.com', '2017-11-05', '1990-09-03'),
('MidnightGamer', 'midnight@gmail.com', '2021-05-30', '2000-12-11'),
('LegendHunter', 'legend@icloud.com', '2016-08-17', '1985-07-19'),
('CosmicPlayer', 'cosmic@gmail.com', '2022-02-14', '2002-04-25'),
('PhantomGhost', 'phantom@icloud.com', '2019-10-31', '1997-10-31'),
('GameMaster99', 'master@gmail.com', '2018-06-06', '1999-01-15'),
('ElectricWizard', 'electric@icloud.com', '2020-12-01', '1996-03-08'),
('SteelTitan', 'steel@gmail.com', '2017-04-18', '1991-08-22'),
('OceanExplorer', 'ocean@icloud.com', '2021-09-12', '2001-06-30'),
('FrostByte', 'frost@gmail.com', '2019-01-23', '1994-12-05'),
('ShadowWolf', 'shadow@icloud.com', '2018-11-09', '1993-07-17'),
('StarGazer', 'star@gmail.com', '2022-04-05', '2003-09-12'),
('RainbowArcher', 'rainbow@icloud.com', '2020-08-29', '1999-05-03'),
('CyberNinja', 'cyber@gmail.com', '2017-12-12', '1987-11-20'),
('MysticMage', 'mystic@icloud.com', '2019-03-31', '1996-02-14'),
('VortexRunner', 'vortex@gmail.com', '2021-01-07', '2000-10-18'),
('PowerGamer', 'power@icloud.com', '2018-05-25', '1989-04-01');

INSERT INTO GamePublishers (name, country, founding_date) VALUES
('Epic Games', 'USA', '1991-01-15'),
('Electronic Arts', 'USA', '1982-05-27'),
('Activision', 'USA', '1979-10-01'),
('Bethesda Softworks', 'USA', '1986-06-28'),
('Nintendo', 'Japan', '1889-09-23'),
('Square Enix', 'Japan', '1975-09-22'),
('Ubisoft', 'France', '1986-03-28'),
('CD Projekt Red', 'Poland', '1994-05-01'),
('Paradox Interactive', 'Sweden', '1999-01-01'),
('BioWare', 'Canada', '1995-02-01'),
('Dhruva Interactive', 'India', '1997-03-15');

INSERT INTO VideoGames (title, release_date, genre, price, publisher_id) VALUES
('The Elder Scrolls V: Skyrim', '2011-11-11', 'RPG', 39.99, 4),
('The Witcher 3: Wild Hunt', '2015-05-19', 'RPG', 49.99, 8),
('Fallout 4', '2015-11-10', 'RPG', 29.99, 4),
('Final Fantasy VII Remake', '2020-04-10', 'RPG', 59.99, 6),
('Dragon Age: Inquisition', '2014-11-18', 'RPG', 19.99, 10),
('Mass Effect Legendary Edition', '2021-05-14', 'RPG', 59.99, 10),
('Divinity: Original Sin 2', '2017-09-14', 'RPG', 44.99, 7),
('Pokémon Sword', '2019-11-15', 'RPG', 59.99, 5),
('Persona 5 Royal', '2020-03-31', 'RPG', 59.99, 6),
('Elden Ring', '2022-02-25', 'RPG', 59.99, 3),
('Final Fantasy XVI', '2023-06-22', 'RPG', 69.99, 6),
('Dragon Quest XI', '2017-07-29', 'RPG', 39.99, 6),
('Kingdom Hearts III', '2019-01-25', 'RPG', 29.99, 6),
('Star Wars: Knights of the Old Republic', '2003-07-15', 'RPG', 9.99, 10),
('Path of Exile', '2013-10-23', 'RPG', 0.00, 1),

-- Action Games
('Grand Theft Auto V', '2013-09-17', 'Action', 29.99, 3),
('Red Dead Redemption 2', '2018-10-26', 'Action', 39.99, 3),
('Assassin\'s Creed Valhalla', '2020-11-10', 'Action', 49.99, 7),
('God of War', '2018-04-20', 'Action', 19.99, 2),
('Call of Duty: Modern Warfare', '2019-10-25', 'Action', 59.99, 3),
('Spider-Man', '2018-09-07', 'Action', 39.99, 2),
('Horizon Zero Dawn', '2017-02-28', 'Action', 19.99, 2),
('The Last of Us Part II', '2020-06-19', 'Action', 39.99, 2),
('Uncharted 4: A Thief\'s End', '2016-05-10', 'Action', 19.99, 2),
('Ghost of Tsushima', '2020-07-17', 'Action', 49.99, 2),
('Control', '2019-08-27', 'Action', 29.99, 4),
('Halo Infinite', '2021-12-08', 'Action', 59.99, 4),
('Doom Eternal', '2020-03-20', 'Action', 39.99, 4),
('Resident Evil Village', '2021-05-07', 'Action', 49.99, 3),
('Cyberpunk 2077', '2020-12-10', 'Action', 29.99, 8),

-- Casual Games
('Animal Crossing: New Horizons', '2020-03-20', 'Casual', 59.99, 5),
('The Sims 4', '2014-09-02', 'Casual', 19.99, 2),
('Stardew Valley', '2016-02-26', 'Casual', 14.99, 7),
('Among Us', '2018-06-15', 'Casual', 4.99, 1),
('Fall Guys', '2020-08-04', 'Casual', 19.99, 1),
('Minecraft', '2011-11-18', 'Casual', 26.95, 4),
('Untitled Goose Game', '2019-09-20', 'Casual', 19.99, 1),
('Overcooked 2', '2018-08-07', 'Casual', 24.99, 7),
('Super Mario Party', '2018-10-05', 'Casual', 59.99, 5),
('Terraria', '2011-05-16', 'Casual', 9.99, 1),

-- Sports Games
('FIFA 23', '2022-09-30', 'Sports', 59.99, 2),
('NBA 2K23', '2022-09-09', 'Sports', 59.99, 3),
('Madden NFL 23', '2022-08-19', 'Sports', 59.99, 2),
('F1 2022', '2022-07-01', 'Sports', 59.99, 2),
('NHL 23', '2022-10-14', 'Sports', 59.99, 2),
('Tony Hawk Pro Skater 1+2', '2020-09-04', 'Sports', 39.99, 3),
('Rocket League', '2015-07-07', 'Sports', 0.00, 1),
('PGA Tour 2K23', '2022-10-14', 'Sports', 59.99, 3),
('Mario Tennis Aces', '2018-06-22', 'Sports', 59.99, 5),
('Riders Republic', '2021-10-28', 'Sports', 39.99, 7);


INSERT INTO Purchases (gamer_tag, game_id, purchase_date, price_paid) VALUES
('DragonSlayer', 36, '2020-01-10', 26.95),
('NinjaGamer', 36, '2019-05-15', 26.95),
('PixelQueen', 36, '2020-12-20', 26.95),
('EpicWarrior', 36, '2018-03-22', 26.95),
('MidnightGamer', 36, '2021-08-10', 26.95),
('FrostByte', 36, '2019-07-04', 26.95),
('CyberNinja', 36, '2018-01-30', 26.95),
('VortexRunner', 36, '2021-02-14', 26.95),
('DragonSlayer', 1, '2020-01-10', 39.99),
('EpicWarrior', 1, '2018-12-25', 39.99),
('LegendHunter', 1, '2017-06-18', 39.99),
('PhantomGhost', 1, '2020-11-27', 39.99),
('SteelTitan', 1, '2018-07-12', 39.99),
('ShadowWolf', 1, '2019-01-01', 39.99),
('DragonSlayer', 16, '2021-05-15', 29.99),
('NinjaGamer', 16, '2020-08-03', 29.99),
('GameMaster99', 16, '2019-04-30', 29.99),
('ElectricWizard', 16, '2021-06-22', 29.99),
('PowerGamer', 16, '2019-10-10', 29.99),
('MysticMage', 16, '2020-02-15', 29.99),
('EpicWarrior', 2, '2020-11-22', 49.99),
('StarGazer', 2, '2022-06-10', 49.99),
('CosmicPlayer', 2, '2022-08-05', 49.99),
('ShadowWolf', 2, '2020-07-19', 49.99),
('RainbowArcher', 2, '2021-01-15', 49.99),
('MidnightGamer', 41, '2022-11-01', 59.99),
('GameMaster99', 41, '2022-10-05', 59.99),
('OceanExplorer', 41, '2022-12-20', 59.99),
('PowerGamer', 41, '2022-09-30', 59.99),
('PhantomGhost', 10, '2022-03-01', 59.99),
('FrostByte', 10, '2022-04-15', 59.99),
('MysticMage', 10, '2022-03-10', 59.99),
('PixelQueen', 34, '2020-09-15', 4.99),
('CosmicPlayer', 34, '2020-10-20', 4.99),
('OceanExplorer', 34, '2020-11-05', 4.99),
('StarGazer', 34, '2020-12-01', 4.99),
('VortexRunner', 34, '2021-01-07', 4.99),
('NinjaGamer', 40, '2022-10-10', 39.99),
('PixelQueen', 31, '2020-04-01', 59.99),
('LegendHunter', 8, '2019-12-01', 59.99),
('SteelTitan', 18, '2021-01-05', 49.99),
('FrostByte', 11, '2023-07-01', 69.99),
('CyberNinja', 17, '2019-05-05', 39.99),
('MysticMage', 6, '2021-09-30', 59.99),
('VortexRunner', 35, '2021-03-17', 19.99),
('PowerGamer', 28, '2022-01-20', 59.99);